,Ch_1,Ch_2,Ch_3,Ch_4,Ch_5,Ch_6,Ch_7,Ch_8,Ch_9,Ch_10,Du_1,Du_2,Du_3,Du_4,Du_5,Du_6,Du_7,Du_8,Du_9,Du_10,En_1,En_2,En_3,En_4,En_5,En_6,En_7,En_8,En_9,En_10,Fi_1,Fi_2,Fi_3,Fi_4,Fi_5,Fi_6,Fi_7,Fi_8,Fi_9,Fi_10,Fr_1,Fr_2,Fr_3,Fr_4,Fr_5,Fr_6,Fr_7,Fr_8,Fr_9,Fr_10,It_1,It_2,It_3,It_4,It_5,It_6,It_7,It_8,It_9,It_10,Po_1,Po_2,Po_3,Po_4,Po_5,Po_6,Po_7,Po_8,Po_9,Po_10,Sp_1,Sp_2,Sp_3,Sp_4,Sp_5,Sp_6,Sp_7,Sp_8,Sp_9,Sp_10
A1,9804,20074,29878,39838,49926,59665,69457,79227,89369,99165,2440,4798,7152,9527,11923,14341,16758,19262,21640,23872,3590,7360,10948,14525,18149,21759,25238,28907,32552,36176,2978,6023,9070,12060,14949,17970,20957,23913,26999,29908,2158,4184,6224,8330,10318,12364,14331,16358,18404,20414,3795,7739,11638,15522,19334,23147,26872,30835,34657,38427,4880,9753,14707,19675,24436,29295,34096,38915,43890,48770,2943,5976,8793,11660,14535,17548,20282,23233,26145,29037
A2,2156,4393,6538,8651,10764,12847,14978,17056,19198,21315,932,1890,2745,3674,4570,5487,6434,7407,8330,9229,1578,3128,4758,6435,8112,9620,11274,12859,14437,16023,577,1100,1633,2230,2805,3313,3905,4444,5014,5590,879,1750,2624,3508,4335,5136,5976,6840,7677,8519,875,1772,2677,3549,4411,5310,6180,7052,7947,8843,1737,3363,5011,6634,8224,9850,11488,13130,14801,16488,1201,2423,3627,4854,6062,7242,8395,9598,10855,12083
A3,1263,2637,3962,5371,6667,8064,9484,10780,12113,13393,5447,11019,16652,22114,27615,33209,38702,44366,49889,55492,5629,11278,16779,22483,28046,33773,39427,45100,50873,56474,6390,12711,19041,25346,31785,38116,44411,50729,57129,63532,271,541,820,1079,1358,1651,1923,2215,2515,2811,959,1878,2871,3760,4700,5680,6686,7579,8587,9581,3313,6563,9915,13250,16586,19916,23240,26556,29825,33218,2501,5152,7643,10267,12747,15351,17912,20353,22869,25431
A4,1176,2383,3592,4769,6003,7241,8448,9689,10962,12185,740,1504,2262,3007,3701,4429,5191,5896,6627,7426,864,1725,2548,3386,4253,5048,5891,6729,7521,8348,375,779,1207,1587,1989,2393,2799,3220,3620,4000,675,1338,2044,2739,3397,4127,4795,5474,6128,6823,815,1649,2529,3441,4272,5168,5995,6795,7663,8496,995,1997,2975,3945,4983,6008,7038,8041,9034,10020,653,1261,1895,2568,3212,3817,4453,5124,5799,6419
A5,1737,3485,5263,6982,8725,10506,12209,13956,15665,17365,3600,7257,10893,14550,18145,21817,25494,29190,32820,36442,4541,9032,13514,18005,22469,27088,31625,36103,40369,44907,1375,2813,4254,5659,7059,8488,9923,11297,12715,14108,917,1881,2797,3688,4592,5479,6354,7224,8149,9035,4244,8286,12523,16646,20750,25042,29256,33537,37727,41975,6520,12845,19172,25481,31743,37964,44217,50352,56490,62776,1106,2284,3403,4558,5703,6832,7920,9019,10099,11147
A6,1162,2344,3574,4766,6000,7112,8223,9393,10571,11756,1188,2359,3545,4737,5947,7157,8352,9615,10808,12079,1658,3367,5062,6721,8384,10090,11788,13506,15201,16880,1371,2833,4150,5595,6991,8350,9754,11110,12503,13792,957,1994,3026,4028,5087,6146,7150,8198,9192,10197,1389,2776,4196,5577,6882,8201,9555,10944,12304,13664,2044,4062,6138,8116,10151,12263,14215,16207,18331,20253,762,1557,2351,3168,4018,4802,5597,6407,7258,8077
A7,555,1115,1644,2175,2741,3255,3777,4327,4862,5394,446,856,1336,1809,2235,2721,3178,3614,4094,4517,1632,3275,4898,6533,8204,9852,11482,13104,14686,16367,1218,2432,3623,4878,6131,7388,8650,9867,11063,12298,335,699,1044,1396,1724,2108,2469,2823,3159,3531,1108,2282,3377,4540,5645,6786,7879,8957,10121,11239,442,813,1185,1542,1937,2298,2696,3089,3462,3885,585,1143,1692,2238,2817,3402,3950,4508,5078,5623
A8,120,245,346,457,575,700,819,937,1068,1208,295,552,784,1057,1290,1546,1786,2063,2322,2579,246,484,694,933,1167,1426,1661,1898,2099,2321,66,131,184,259,311,364,430,489,568,627,85,190,278,389,480,570,687,783,875,982,186,405,580,762,933,1105,1262,1449,1645,1810,45,81,131,166,208,251,292,332,378,422,114,224,345,470,581,705,834,949,1067,1198
A9,2058,4257,6405,8461,10554,12689,14783,16915,19039,21075,3083,6291,9446,12631,15748,18898,21979,25092,28231,31396,3832,7562,11318,15017,18725,22558,26333,30024,33748,37427,1491,2947,4421,5920,7432,8894,10461,11942,13415,14856,3114,6303,9419,12592,15716,18904,22014,25202,28405,31534,2384,4798,7311,9936,12527,14909,17328,19767,22209,24693,1477,2915,4472,6001,7529,9076,10544,12021,13517,15023,1562,3079,4625,6240,7835,9410,10970,12584,14138,15670
A10,1175,2329,3442,4648,5846,7083,8323,9536,10722,11871,720,1437,2163,2925,3689,4406,5189,5914,6677,7410,671,1346,2040,2715,3390,4110,4800,5501,6163,6817,820,1578,2349,3189,3964,4760,5568,6363,7133,7901,1158,2283,3336,4429,5486,6520,7560,8620,9685,10833,917,1815,2747,3691,4682,5585,6544,7529,8474,9402,684,1347,1967,2606,3235,3891,4570,5223,5880,6526,865,1668,2442,3259,4065,4857,5669,6434,7248,8100
A11,1350,2689,4076,5387,6668,8068,9278,10583,11982,13244,417,853,1243,1681,2124,2512,2931,3344,3739,4134,641,1307,1947,2591,3262,3908,4541,5187,5761,6363,360,710,1087,1421,1790,2119,2495,2838,3162,3500,319,661,1020,1360,1718,2037,2379,2699,3048,3343,471,981,1511,2005,2442,2925,3409,3873,4357,4820,786,1601,2341,3114,3921,4747,5546,6344,7201,8027,240,503,708,957,1183,1429,1662,1928,2200,2461
A12,341,695,1074,1426,1795,2164,2538,2929,3325,3678,246,499,765,989,1217,1455,1685,1943,2199,2461,353,697,980,1301,1630,1954,2259,2581,2913,3193,315,618,932,1266,1568,1901,2216,2542,2864,3161,291,557,826,1085,1391,1634,1907,2152,2411,2696,280,568,855,1151,1434,1713,1992,2287,2548,2805,320,688,1057,1396,1750,2142,2518,2853,3252,3581,250,491,725,941,1192,1410,1667,1871,2109,2359
A13,1978,4034,6042,8046,10022,11998,13959,15865,17723,19622,6577,13108,19857,26485,33158,39662,46023,52599,59215,65725,2295,4506,6737,9037,11388,13651,15893,18094,20433,22723,2007,4107,6202,8182,10348,12416,14557,16697,18848,21030,1338,2704,4121,5530,6846,8159,9537,10989,12258,13620,1500,2879,4367,5718,7131,8586,10022,11455,12919,14423,5219,10342,15537,20767,26146,31464,36618,41748,47043,52429,922,1810,2718,3650,4578,5498,6383,7268,8209,9115
A14,160,347,539,723,903,1083,1255,1429,1609,1771,575,1038,1501,1991,2463,2960,3421,3887,4364,4867,370,713,1108,1493,1874,2240,2627,2998,3354,3701,435,890,1316,1766,2203,2642,3058,3502,3916,4320,124,247,380,482,611,734,841,968,1090,1212,291,566,838,1125,1411,1703,1951,2210,2473,2756,245,480,707,942,1216,1453,1666,1904,2141,2375,233,493,706,946,1177,1412,1633,1869,2121,2336
A15,171,322,476,671,857,1013,1183,1337,1521,1682,98,217,325,400,492,589,663,776,874,963,191,357,491,638,787,972,1158,1307,1467,1635,62,129,226,294,364,441,507,582,646,715,93,189,287,383,496,576,678,795,893,994,123,235,349,450,562,684,789,919,1052,1174,244,464,717,948,1174,1397,1663,1921,2156,2432,63,111,162,220,272,326,369,450,508,582
B1,710,1410,2076,2778,3526,4266,5053,5789,6453,7134,1054,2130,3149,4191,5197,6318,7284,8315,9373,10436,492,1034,1502,2013,2495,2987,3463,3974,4470,4969,519,1067,1632,2209,2732,3299,3836,4382,4934,5542,385,731,1048,1428,1772,2133,2487,2849,3229,3621,701,1418,2108,2802,3523,4270,4970,5731,6471,7191,710,1378,2098,2813,3541,4303,5017,5785,6472,7162,402,829,1215,1635,2016,2426,2783,3212,3616,4069
B2,268,600,843,1137,1456,1749,2020,2330,2645,2959,171,303,462,597,745,906,1051,1224,1388,1535,517,1077,1633,2154,2701,3231,3704,4225,4741,5245,176,357,537,682,868,1061,1252,1433,1630,1808,128,282,428,587,725,884,1028,1174,1322,1484,341,694,998,1373,1759,2101,2421,2775,3090,3473,436,881,1302,1746,2186,2621,3063,3513,3970,4388,171,335,446,599,732,891,1033,1178,1358,1539
B3,308,567,866,1137,1428,1767,2112,2407,2694,3012,96,180,276,368,478,581,665,746,851,947,505,1015,1505,2035,2555,3040,3544,4056,4576,5085,193,399,564,745,943,1130,1292,1446,1633,1783,67,138,231,320,403,477,571,637,712,802,247,486,754,1004,1254,1491,1733,1979,2202,2455,326,675,1043,1396,1730,2093,2508,2822,3150,3486,116,232,344,469,577,688,816,955,1078,1191
B4,271,537,803,1096,1352,1652,1947,2182,2464,2725,105,210,327,429,538,637,748,864,969,1074,59,132,208,309,369,440,496,555,611,668,58,119,174,224,281,338,393,456,504,572,71,121,196,264,333,416,497,567,646,717,68,120,189,268,337,411,500,561,642,739,44,108,172,223,277,338,385,428,497,552,104,207,333,448,557,677,800,908,1010,1101
B5,397,812,1154,1576,1949,2362,2759,3104,3484,3857,76,180,289,386,482,601,704,817,936,1026,146,291,445,595,754,918,1087,1237,1406,1565,146,282,407,534,677,824,973,1133,1271,1425,52,118,199,263,321,393,449,525,608,681,193,357,506,691,886,1087,1258,1427,1591,1751,229,488,790,1024,1295,1557,1812,2094,2342,2572,59,113,169,218,281,355,424,481,557,607
C1,313,649,976,1335,1665,2003,2360,2701,3006,3329,798,1567,2411,3244,4045,4828,5621,6425,7280,8086,308,634,937,1257,1542,1846,2206,2516,2844,3147,246,492,693,968,1231,1483,1731,1987,2233,2488,262,526,809,1060,1312,1570,1807,2075,2308,2587,476,913,1403,1927,2418,2935,3475,3936,4384,4857,416,814,1185,1556,1940,2319,2685,3079,3453,3846,333,652,971,1261,1591,1903,2218,2519,2828,3127
E1,127,251,377,511,664,785,907,1042,1139,1251,42,76,106,155,193,223,260,292,319,353,36,63,100,133,188,222,255,283,321,358,64,123,176,235,302,346,411,473,535,593,16,25,48,61,69,84,105,121,139,154,24,59,86,112,139,156,183,215,251,285,80,181,278,368,456,551,642,717,812,907,66,123,174,215,278,333,393,453,511,563
E2,319,627,921,1291,1630,1916,2200,2530,2843,3161,133,273,414,551,685,814,925,1056,1187,1327,224,410,596,802,1013,1208,1438,1660,1855,2063,124,239,350,455,573,684,807,921,1031,1139,137,272,407,526,652,782,896,1034,1175,1288,248,512,755,1016,1266,1534,1775,2046,2280,2518,109,202,289,475,584,688,767,874,965,1054,210,412,634,870,1088,1293,1497,1670,1869,2091
E3,240,426,654,859,1123,1347,1568,1767,1996,2215,241,501,740,983,1203,1445,1681,1906,2104,2322,298,586,880,1189,1499,1784,2095,2394,2671,2973,182,360,549,739,962,1155,1328,1507,1706,1877,251,477,722,950,1212,1489,1741,1991,2248,2483,198,394,591,824,1024,1230,1462,1680,1899,2092,289,597,875,1172,1473,1771,2067,2329,2634,2915,74,162,288,369,455,543,627,711,800,886
E4,284,556,840,1103,1397,1685,1953,2214,2478,2767,376,741,1073,1424,1785,2132,2454,2799,3169,3520,271,545,812,1081,1350,1617,1886,2161,2439,2704,328,639,992,1312,1689,2011,2354,2689,3011,3351,151,295,441,593,702,840,996,1146,1283,1460,228,476,747,986,1250,1502,1771,2021,2321,2588,214,429,655,843,1045,1256,1453,1665,1877,2094,187,360,536,721,891,1072,1275,1466,1648,1824
E5,40,86,131,168,214,258,306,350,390,439,50,91,132,183,232,280,332,383,421,472,56,119,180,245,317,396,460,528,604,668,76,162,221,283,366,447,533,602,669,738,40,78,119,166,225,263,306,353,383,434,64,138,200,260,313,379,451,516,587,666,38,87,127,176,204,240,274,302,341,385,29,57,92,115,140,171,189,204,227,255
E6,60,129,210,280,347,412,479,550,627,688,147,264,409,541,675,802,895,1036,1163,1328,175,351,495,670,852,1017,1166,1352,1538,1708,43,84,122,162,207,256,302,346,392,425,171,320,480,628,798,947,1103,1264,1426,1588,141,323,475,616,758,935,1101,1256,1436,1590,138,263,381,486,602,720,847,968,1094,1215,92,179,264,348,440,534,615,698,800,871
F1,491,970,1454,1975,2421,2879,3348,3867,4367,4826,382,772,1179,1553,1953,2345,2731,3104,3472,3857,236,486,719,991,1248,1498,1749,2041,2260,2548,268,549,833,1120,1417,1686,1964,2260,2546,2825,224,462,672,940,1153,1408,1638,1869,2113,2322,597,1143,1735,2218,2881,3465,4068,4650,5228,5768,514,1031,1477,1966,2499,3010,3574,4015,4528,4989,227,422,650,859,1090,1319,1516,1741,1934,2146
F2,139,266,407,540,659,798,942,1040,1181,1291,95,193,293,388,503,614,710,838,936,1047,71,141,197,269,336,394,474,552,628,708,79,149,246,336,416,502,593,679,770,870,70,125,204,280,360,418,487,571,638,730,96,190,287,375,470,539,637,728,816,924,149,265,407,544,682,829,989,1125,1272,1411,42,90,157,202,253,299,345,387,419,465
F3,41,98,145,199,264,322,401,471,534,588,27,52,75,98,113,139,162,184,201,216,20,51,68,82,98,122,155,174,209,228,7,13,20,35,39,50,60,66,75,88,9,13,25,32,38,46,55,63,75,83,7,21,34,41,48,51,63,68,81,91,7,9,18,32,39,49,54,64,83,87,2,7,10,10,12,15,18,22,26,29
F4,228,479,731,977,1245,1526,1812,2070,2367,2597,169,335,513,669,817,971,1137,1287,1442,1583,137,260,405,570,719,879,1005,1155,1315,1465,56,114,175,243,288,333,387,444,491,543,154,293,420,557,697,862,1016,1172,1334,1472,264,563,824,1105,1369,1659,1954,2217,2500,2764,195,389,576,755,960,1135,1334,1499,1687,1878,43,88,123,160,192,230,267,305,349,382
G1,570,1166,1743,2327,2952,3473,4042,4608,5220,5825,444,874,1289,1714,2119,2536,2956,3402,3818,4251,1033,2144,3261,4417,5576,6707,7773,8907,10084,11149,367,716,1044,1405,1751,2067,2418,2765,3118,3450,666,1332,2011,2678,3406,4076,4825,5442,6181,6876,548,1149,1695,2323,2938,3489,4054,4630,5165,5711,1552,3232,4811,6393,7974,9600,11169,12743,14389,15954,1439,2866,4320,5759,7245,8615,9988,11359,12813,14243
G2,376,852,1344,1825,2244,2707,3133,3578,3976,4428,384,754,1107,1479,1845,2217,2604,3003,3428,3753,879,1755,2653,3519,4443,5316,6174,7078,7980,8819,375,701,1043,1409,1816,2179,2584,2957,3292,3636,499,1010,1490,1923,2379,2845,3294,3749,4223,4716,1064,2162,3272,4364,5440,6492,7529,8528,9600,10666,2196,4331,6475,8774,11059,13157,15434,17731,19808,22079,653,1309,1952,2589,3211,3822,4444,5073,5702,6364
G3,128,254,380,513,639,770,889,986,1100,1248,128,264,408,542,695,821,953,1073,1208,1336,327,629,985,1275,1633,1946,2279,2669,2987,3306,104,175,261,345,418,499,582,666,753,852,248,472,713,918,1173,1384,1643,1883,2112,2362,201,404,618,827,1049,1261,1460,1670,1839,2042,376,797,1191,1603,1978,2347,2752,3174,3536,3904,101,192,286,378,484,601,695,782,908,1006
H1,291,568,887,1157,1441,1811,2085,2385,2782,3079,274,573,891,1176,1468,1743,2021,2274,2529,2797,240,539,832,1093,1357,1663,1934,2193,2498,2765,149,329,484,659,825,994,1185,1361,1520,1681,132,262,396,573,706,848,995,1153,1330,1477,411,807,1210,1633,2059,2484,2916,3281,3660,4010,355,698,1068,1422,1768,2164,2529,2865,3212,3541,578,1119,1746,2358,2949,3602,4197,4822,5492,6154
H2,243,542,798,1044,1289,1551,1825,2065,2301,2516,198,410,599,821,1025,1208,1445,1614,1800,1999,198,401,575,772,987,1181,1384,1569,1790,2012,157,309,458,633,791,933,1124,1268,1410,1577,172,335,512,671,828,1010,1154,1318,1457,1616,451,890,1325,1755,2189,2650,3154,3594,4001,4400,514,1045,1605,2118,2579,3128,3679,4242,4754,5286,248,507,728,977,1238,1481,1743,1985,2235,2462
H3,35,65,98,131,163,190,228,254,294,315,30,58,86,117,146,174,210,244,280,311,19,50,70,85,99,118,151,174,192,211,62,131,219,283,349,419,493,561,639,705,61,108,155,209,277,331,379,435,480,543,14,25,40,54,65,84,96,110,125,141,54,121,177,240,302,380,443,508,553,621,56,113,159,218,264,329,369,420,467,516
H4,262,521,781,1049,1278,1539,1832,2108,2385,2667,150,312,496,671,863,1031,1189,1342,1507,1674,267,533,782,1060,1325,1599,1887,2161,2426,2707,161,333,489,658,814,964,1105,1282,1464,1599,205,404,573,768,966,1181,1372,1561,1776,1983,275,520,791,1049,1329,1580,1836,2107,2400,2677,111,229,361,473,569,667,774,901,1013,1126,52,109,192,262,339,417,487,556,626,684
H5,106,262,367,541,692,849,980,1093,1208,1329,96,215,329,443,547,652,767,849,974,1073,83,174,259,340,435,518,621,701,793,892,66,148,242,303,393,485,569,651,718,794,76,165,240,288,389,478,558,634,712,800,110,220,332,439,544,678,781,885,978,1085,119,244,376,504,623,776,898,1004,1114,1226,74,164,262,350,432,527,605,681,763,848
I1,733,1523,2207,2910,3589,4348,5024,5744,6462,7152,621,1232,1807,2346,2952,3506,4112,4684,5265,5817,1289,2587,3910,5189,6500,7746,9006,10324,11681,13067,533,1108,1709,2195,2773,3296,3826,4345,4820,5345,476,918,1375,1820,2300,2823,3263,3712,4166,4611,1187,2309,3454,4552,5712,6805,7933,9149,10278,11481,1463,2955,4441,5941,7482,9020,10497,11960,13477,14992,1579,3272,4855,6541,8163,9829,11536,13229,14831,16524
I2,1160,2465,3642,4847,6072,7299,8570,9744,10986,12217,412,817,1226,1642,2079,2484,2915,3350,3774,4173,1019,2089,3129,4151,5206,6244,7254,8323,9388,10373,525,1076,1600,2175,2727,3268,3827,4339,4910,5481,318,682,1038,1384,1769,2157,2523,2911,3265,3684,736,1392,2096,2756,3431,4075,4789,5479,6184,6852,818,1617,2459,3244,4006,4825,5608,6339,7061,7839,567,1182,1818,2462,3149,3769,4445,5074,5720,6324
I3,553,1087,1573,2129,2621,3124,3605,4110,4646,5167,570,1109,1679,2221,2738,3254,3747,4286,4807,5344,748,1472,2240,2987,3748,4535,5307,6098,6802,7539,387,711,1034,1395,1752,2111,2456,2812,3195,3567,575,1156,1701,2287,2815,3372,3900,4402,4985,5548,546,1086,1527,2036,2550,3075,3572,4106,4591,5084,491,1105,1608,2104,2648,3198,3693,4228,4742,5312,248,499,759,1016,1241,1460,1686,1945,2169,2370
I4,68,152,225,290,367,440,517,598,689,757,15,34,53,72,82,109,126,138,158,179,75,207,329,440,575,711,830,967,1110,1208,33,64,93,123,147,180,219,252,282,315,45,100,158,208,274,317,363,405,462,502,152,306,446,586,738,887,1053,1209,1369,1537,46,83,132,181,230,269,307,368,415,449,19,49,67,86,104,117,143,168,191,206
K1,127,230,342,456,569,706,811,924,1062,1165,285,562,852,1102,1359,1609,1890,2177,2472,2713,189,352,532,700,865,1055,1232,1419,1596,1771,102,202,302,394,495,601,696,803,891,999,147,281,419,549,691,816,952,1077,1214,1355,248,505,788,1043,1265,1538,1778,2029,2290,2557,179,359,522,692,853,1047,1203,1358,1535,1701,298,610,845,1142,1383,1689,1964,2201,2473,2727
K2,69,141,219,326,409,496,558,648,731,831,69,144,257,355,449,557,660,754,867,963,108,235,365,498,657,776,901,1025,1108,1257,166,340,505,684,854,1016,1188,1343,1522,1699,131,241,366,480,609,738,887,981,1107,1244,237,465,663,858,1085,1286,1535,1759,1984,2187,112,211,332,429,570,670,784,883,989,1076,150,270,379,494,631,742,881,1007,1121,1221
K3,7,12,22,31,39,50,55,62,70,73,2,4,11,15,19,24,33,34,38,44,31,56,86,105,151,186,226,258,286,311,8,14,19,34,44,55,64,71,84,89,4,6,8,8,8,12,13,14,16,16,17,35,51,64,73,85,106,124,139,151,2,2,8,15,21,25,31,39,39,41,0,0,0,0,0,0,0,0,0,0
K4,107,201,321,439,549,658,745,839,950,1044,53,120,176,226,284,338,389,438,493,553,133,281,408,529,678,817,956,1093,1212,1364,29,57,90,119,161,194,230,253,279,322,123,224,320,413,513,603,691,787,889,995,137,267,402,524,659,775,919,1050,1176,1299,117,243,363,489,609,721,849,977,1117,1229,59,129,203,270,333,409,490,554,601,671
K5,228,453,688,970,1203,1437,1713,1950,2217,2462,250,513,775,1081,1378,1692,1998,2268,2569,2874,299,604,930,1212,1488,1775,2101,2418,2711,2982,289,542,820,1109,1400,1686,1924,2200,2494,2786,114,263,372,485,605,732,872,1005,1123,1263,445,876,1339,1776,2202,2619,2971,3417,3853,4302,409,789,1182,1597,2010,2365,2780,3132,3579,3976,340,711,1076,1426,1764,2081,2467,2780,3152,3492
K6,5,10,21,26,33,39,42,47,55,56,34,59,88,115,136,155,189,214,233,263,22,57,93,131,160,189,214,240,270,290,25,34,53,70,85,101,126,145,172,189,20,40,58,81,113,133,151,178,196,216,38,75,108,143,184,224,261,297,329,372,20,41,54,83,110,130,142,156,177,195,0,0,0,0,0,0,0,0,0,0
L1,93,162,241,309,395,468,546,613,707,795,178,366,527,717,905,1071,1248,1427,1617,1810,277,537,841,1112,1418,1705,1969,2219,2512,2782,218,420,608,833,1052,1241,1466,1665,1854,2064,174,357,545,721,884,1097,1281,1445,1632,1805,257,497,768,1051,1358,1596,1861,2150,2429,2678,292,576,838,1131,1410,1681,1935,2226,2494,2785,198,408,654,877,1101,1288,1485,1694,1892,2100
L2,158,337,513,686,884,1069,1255,1435,1608,1773,140,272,376,500,622,741,848,972,1116,1238,170,378,553,761,954,1123,1292,1473,1657,1851,273,517,781,1083,1330,1578,1821,2113,2402,2662,112,217,322,451,555,678,805,899,1015,1120,257,513,802,1105,1406,1696,1955,2216,2523,2801,180,368,525,679,809,950,1071,1212,1345,1478,97,212,337,439,566,676,781,906,1016,1136
L3,115,230,333,417,540,652,741,842,934,1051,58,101,143,204,258,317,367,422,492,543,108,205,313,412,516,616,720,812,910,1021,198,405,618,810,999,1202,1400,1582,1778,1980,28,67,111,137,184,219,249,290,333,375,154,348,555,744,971,1182,1407,1592,1813,1997,70,119,175,227,290,346,408,471,532,590,65,128,193,256,325,374,446,516,589,652
M1,1186,2379,3563,4852,6071,7286,8493,9761,10864,12063,1683,3380,5108,6782,8582,10240,12020,13673,15415,17141,1218,2428,3640,4904,6115,7384,8574,9768,10970,12220,1588,3062,4645,6150,7724,9381,10909,12490,14078,15735,1063,2177,3252,4381,5453,6585,7630,8752,9822,10948,1591,3201,4853,6475,8047,9665,11288,12942,14607,16265,510,969,1506,2001,2483,2979,3516,4011,4452,4930,1037,2068,3107,4069,5033,6034,6966,7935,8917,9879
M2,307,625,958,1302,1607,1887,2170,2469,2795,3090,1055,2150,3246,4326,5338,6406,7447,8478,9546,10627,779,1552,2298,3061,3820,4595,5378,6183,6991,7771,556,1127,1718,2298,2870,3437,4031,4631,5162,5754,410,847,1261,1672,2082,2504,2969,3376,3801,4245,883,1744,2662,3559,4448,5345,6292,7257,8137,9009,327,649,980,1307,1636,1961,2260,2627,2969,3321,325,641,963,1289,1608,1927,2232,2531,2844,3149
M3,196,450,716,957,1222,1435,1648,1883,2119,2322,306,567,822,1102,1393,1690,1947,2271,2560,2837,383,732,1147,1530,1883,2276,2703,3060,3464,3831,230,461,727,950,1147,1378,1617,1831,2062,2299,226,446,656,896,1111,1330,1532,1762,1962,2172,352,685,1053,1399,1719,2022,2366,2724,3074,3380,329,647,1012,1399,1751,2107,2502,2914,3259,3650,21,57,79,106,124,144,166,190,218,239
M4,53,91,136,184,240,277,311,372,416,455,64,129,185,234,277,332,387,430,493,543,132,253,371,478,593,720,867,980,1113,1222,59,120,181,227,288,338,393,433,476,533,45,78,126,168,203,248,288,335,384,435,92,180,290,377,453,542,661,793,889,957,32,66,101,153,193,243,283,313,352,405,4,5,10,13,17,18,21,26,32,36
M5,43,92,121,147,181,214,254,296,330,357,21,39,58,77,101,115,132,155,169,185,70,134,184,252,320,383,464,536,606,671,20,38,54,75,95,107,133,151,175,193,11,31,48,77,91,106,127,150,168,198,43,102,147,192,220,263,288,316,347,387,32,64,103,138,173,202,246,286,310,348,14,42,74,99,128,158,172,198,225,261
M6,987,2029,3069,4080,5096,6080,7170,8215,9226,10222,6711,13505,20341,27249,34102,41128,48162,54944,61607,68482,2209,4426,6684,8954,11187,13304,15558,17817,20086,22320,1011,2036,3024,4108,5049,6117,7145,8199,9202,10323,4232,8394,12335,16588,20690,24796,28972,33154,37305,41302,1674,3344,4992,6662,8383,10131,11805,13502,15230,16914,3290,6764,10163,13552,16946,20434,23771,27176,30588,33946,692,1385,2078,2748,3366,4052,4706,5379,6035,6693
M7,489,950,1402,1882,2338,2826,3323,3811,4282,4769,344,690,1006,1343,1702,2077,2422,2732,3046,3385,856,1665,2510,3334,4239,5103,5971,6801,7666,8546,830,1663,2469,3297,4155,5001,5854,6685,7484,8244,467,951,1438,1903,2382,2888,3374,3870,4391,4889,1806,3513,5318,7069,8827,10701,12558,14362,16074,17794,730,1446,2211,2907,3582,4347,5062,5760,6474,7094,633,1317,1958,2619,3303,3926,4585,5194,5860,6577
M8,12,25,40,58,76,104,117,130,153,164,155,291,432,564,725,883,1086,1247,1411,1595,70,134,189,251,312,368,432,497,562,635,50,90,146,186,231,286,328,375,420,472,88,163,238,309,388,465,546,614,719,809,259,509,745,1026,1310,1584,1827,2099,2327,2602,36,62,84,104,129,150,185,228,256,278,58,117,181,243,293,362,412,455,512,574
N1,7964,16057,23987,31893,40070,48494,56684,64600,72848,80885,4062,7978,11957,16014,20189,24161,28298,32119,36086,40050,3580,7311,11129,14837,18437,22066,25620,29265,33000,36813,2705,5565,8415,11008,13738,16439,19135,21962,24711,27427,3761,7884,11991,15850,19911,23911,27819,31706,35692,39708,5773,11774,17843,23907,29885,35949,41714,47705,53660,59470,8997,17879,26513,35615,44226,52876,61594,70673,79407,88257,2676,5364,8146,10771,13539,16349,19252,22015,24795,27683
N2,53,118,196,277,346,415,488,551,623,680,76,155,241,319,410,505,616,696,777,847,64,146,232,305,378,454,528,595,662,721,57,110,162,207,250,307,349,405,445,496,72,134,199,257,321,384,442,506,574,644,84,163,257,342,417,499,594,672,774,869,104,221,311,408,519,618,736,833,911,1016,149,268,434,577,735,879,1040,1177,1319,1483
N3,782,1576,2416,3246,3966,4822,5608,6528,7313,8114,1116,2108,3116,4084,5168,6206,7163,8180,9234,10244,1524,3067,4550,6114,7624,9083,10542,12064,13598,15180,1333,2518,3842,5125,6386,7667,8949,10204,11459,12742,465,964,1493,1987,2496,2984,3476,3969,4441,4984,1357,2676,3887,5203,6525,7807,9092,10350,11633,12822,510,983,1542,2120,2663,3222,3754,4285,4849,5381,889,1766,2610,3527,4374,5249,6099,6935,7762,8676
N4,600,1241,1844,2473,3048,3633,4222,4797,5381,5920,1510,3017,4509,6007,7419,8889,10323,11767,13278,14737,809,1697,2478,3259,4074,4875,5683,6501,7381,8221,979,1971,2918,3907,4937,5966,6944,7930,8885,9884,742,1472,2173,2855,3496,4171,4900,5603,6290,6971,1414,2757,4200,5678,7075,8411,9806,11181,12676,14119,903,1847,2795,3763,4735,5618,6567,7506,8410,9357,668,1354,2072,2747,3427,4090,4779,5523,6216,6944
N5,1010,2085,3165,4233,5276,6215,7171,8190,9218,10207,2377,4714,7108,9485,11769,14156,16501,18936,21325,23697,3805,7527,11319,15207,19048,22732,26570,30429,34225,38064,2836,5629,8513,11461,14379,17182,20098,22935,25822,28611,722,1441,2130,2861,3615,4352,5080,5834,6537,7290,2991,5873,8824,11797,14719,17736,20725,23714,26589,29584,1846,3756,5627,7534,9418,11286,13152,15123,17099,18956,1271,2486,3725,5027,6266,7536,8809,10023,11242,12553
N6,327,673,1045,1424,1777,2123,2446,2777,3102,3498,689,1413,2133,2856,3552,4296,4951,5651,6383,7061,908,1685,2553,3314,4163,5071,5936,6812,7674,8491,612,1316,1969,2656,3310,3991,4588,5224,5869,6516,265,541,814,1092,1354,1665,1926,2214,2450,2708,470,964,1459,2029,2553,3037,3542,4021,4535,5061,301,582,842,1143,1418,1688,2000,2302,2578,2894,372,674,1013,1367,1715,2020,2360,2711,3054,3393
O1,258,572,827,1129,1405,1642,1906,2138,2397,2657,116,225,339,459,572,690,816,919,1022,1157,366,813,1218,1640,2045,2468,2895,3356,3765,4184,276,547,820,1114,1386,1700,1944,2230,2512,2808,148,264,383,514,630,771,913,1041,1156,1268,422,852,1254,1745,2168,2654,3114,3559,4019,4456,427,854,1259,1659,2090,2522,2904,3327,3749,4143,489,911,1320,1768,2262,2712,3178,3639,4089,4551
O2,354,685,1080,1435,1802,2186,2591,2937,3335,3705,297,556,810,1092,1331,1592,1832,2051,2289,2542,871,1760,2577,3497,4409,5298,6160,7094,8016,8947,498,970,1505,2039,2503,3027,3521,3982,4456,4897,341,662,1033,1336,1672,2005,2314,2671,2950,3264,1451,2956,4434,5978,7551,9082,10571,12096,13644,15138,860,1761,2752,3644,4573,5492,6406,7357,8253,9209,240,487,755,998,1252,1475,1725,1989,2250,2499
O3,117,202,292,372,486,593,697,787,896,990,65,117,165,214,261,301,351,400,441,495,110,233,357,443,553,655,758,887,1003,1133,67,140,204,276,327,412,480,541,606,669,46,102,154,212,271,321,360,406,460,518,134,233,359,482,618,725,851,1010,1108,1232,58,146,216,283,370,436,525,598,681,767,85,147,216,290,361,426,506,584,655,738
O4,419,863,1269,1642,2068,2530,2965,3367,3802,4250,1429,2817,4218,5490,6841,8155,9452,10759,12078,13331,1029,2024,3132,4151,5057,6068,7007,7940,8976,10015,776,1579,2275,3079,3835,4625,5379,6128,6863,7721,391,781,1184,1562,1931,2295,2659,3035,3414,3799,1320,2645,3965,5335,6632,8011,9283,10612,11962,13286,636,1261,1896,2514,3102,3747,4395,4988,5612,6198,584,1149,1722,2300,2874,3416,3980,4482,5012,5588
P1,973,1787,2720,3657,4604,5475,6419,7370,8313,9150,246,517,815,1170,1473,1785,2104,2424,2734,3053,1196,2415,3626,4835,6000,7246,8392,9562,10696,11903,496,930,1410,1855,2296,2731,3203,3679,4156,4600,365,739,1121,1514,1912,2309,2685,3093,3466,3871,462,970,1403,1820,2263,2678,3134,3557,3903,4305,1176,2276,3435,4519,5708,6849,8046,9143,10297,11473,534,1044,1539,2092,2582,3173,3677,4206,4807,5320
Q1,624,1318,1961,2606,3313,3981,4627,5234,5899,6566,526,1058,1618,2176,2715,3263,3781,4302,4831,5390,1292,2540,3783,5073,6320,7575,8850,10111,11339,12654,627,1282,1952,2557,3221,3818,4438,5070,5743,6365,725,1451,2128,2785,3472,4133,4787,5466,6105,6727,1085,2140,3217,4241,5287,6342,7362,8407,9425,10456,1016,1989,2929,3923,4971,5914,6906,7974,9040,10029,1176,2279,3436,4542,5564,6666,7801,8961,10091,11179
Q2,714,1479,2227,2968,3707,4492,5203,5905,6673,7381,1571,3181,4806,6435,7985,9643,11341,13000,14656,16276,2680,5475,8181,10760,13441,16171,18887,21580,24373,26925,1318,2665,4049,5370,6716,8057,9459,10883,12251,13621,1367,2840,4234,5692,7103,8540,10035,11424,12846,14251,2148,4270,6276,8316,10361,12368,14357,16379,18342,20417,1732,3517,5205,6983,8773,10538,12195,13935,15591,17390,665,1377,2065,2714,3382,4087,4723,5400,6045,6700
Q3,54,127,188,239,285,345,407,456,535,609,188,369,565,732,899,1068,1251,1428,1618,1797,340,630,969,1274,1539,1898,2200,2543,2858,3155,144,284,409,536,671,784,900,1050,1193,1330,204,389,587,765,957,1138,1326,1500,1689,1859,386,752,1147,1529,1906,2281,2641,3010,3357,3748,387,715,1084,1464,1859,2199,2562,2928,3304,3681,462,873,1345,1788,2245,2677,3118,3595,4044,4469
Q4,232,472,737,1007,1223,1455,1731,2009,2277,2528,246,478,731,981,1208,1455,1684,1951,2198,2428,635,1294,1977,2523,3133,3780,4432,5071,5728,6346,374,729,1085,1447,1846,2201,2602,3001,3400,3795,351,724,1122,1479,1846,2242,2604,2976,3341,3675,512,1070,1569,2092,2607,3138,3688,4238,4758,5331,468,946,1485,2033,2489,3050,3610,4098,4559,5089,345,658,1036,1359,1716,2062,2421,2795,3116,3441
S1,321,651,977,1335,1638,1957,2251,2597,2916,3252,560,1083,1611,2140,2685,3208,3693,4205,4744,5302,1340,2604,3821,5146,6447,7764,9048,10372,11655,12939,607,1210,1820,2435,3035,3624,4245,4861,5499,6134,677,1343,2013,2733,3398,4081,4778,5410,6102,6801,1073,2205,3337,4415,5489,6572,7689,8789,9874,10953,801,1600,2490,3325,4140,4920,5762,6592,7437,8222,1227,2497,3704,4882,6130,7317,8547,9762,11020,12259
S2,489,1017,1577,2156,2702,3251,3786,4304,4858,5358,621,1272,1898,2515,3100,3693,4262,4839,5458,6091,885,1714,2599,3438,4252,5145,6058,6904,7799,8644,559,1132,1679,2234,2810,3406,3960,4549,5136,5759,295,579,851,1172,1431,1698,1986,2275,2562,2829,422,820,1211,1618,2037,2455,2902,3342,3788,4230,525,1083,1690,2253,2857,3506,4112,4745,5352,5942,1573,3173,4859,6561,8228,9906,11593,13295,14957,16579
S3,76,145,226,301,399,498,562,633,721,795,118,207,300,388,482,586,672,752,839,939,246,536,832,1117,1361,1624,1875,2121,2375,2602,130,279,424,585,743,892,1028,1175,1308,1467,160,316,476,659,815,1004,1155,1321,1508,1686,263,544,763,999,1269,1527,1764,2040,2289,2605,242,478,750,1030,1285,1528,1772,2021,2306,2530,208,388,612,831,1046,1227,1445,1661,1877,2103
S4,93,208,307,393,485,601,702,818,906,1013,356,679,987,1315,1661,1979,2242,2573,2876,3172,297,577,861,1123,1435,1730,2032,2325,2583,2850,219,423,645,891,1123,1371,1577,1809,2033,2276,298,580,842,1110,1368,1630,1905,2159,2455,2693,293,598,878,1176,1495,1758,2065,2380,2670,2949,204,455,714,957,1187,1436,1667,1926,2176,2440,94,165,251,356,456,541,638,719,816,903
S5,403,875,1326,1756,2224,2653,3089,3520,3968,4417,449,962,1455,1901,2351,2841,3307,3762,4246,4743,1119,2349,3597,4778,6002,7279,8456,9691,10932,12159,779,1558,2340,3100,3844,4593,5394,6156,6933,7702,522,1045,1514,2057,2626,3156,3693,4199,4746,5295,981,1982,3024,4038,5062,6041,7051,8120,9120,10070,1032,2087,3109,4114,5171,6143,7196,8293,9347,10414,388,758,1173,1526,1917,2287,2680,3078,3466,3932
S6,266,521,771,994,1226,1462,1690,1937,2196,2447,324,656,979,1316,1633,1957,2285,2609,2929,3229,731,1457,2218,2946,3758,4546,5291,6026,6801,7580,618,1232,1867,2549,3178,3882,4538,5189,5837,6472,213,406,622,815,1032,1266,1482,1701,1910,2139,665,1330,1978,2642,3300,3943,4576,5213,5905,6584,1284,2618,3905,5299,6618,7963,9279,10557,11875,13251,389,762,1115,1530,1920,2318,2732,3100,3505,3888
S7,509,987,1511,2054,2535,3054,3553,4037,4531,5045,749,1576,2368,3147,3914,4702,5472,6281,7050,7814,1406,2838,4277,5708,7158,8594,10103,11524,12956,14370,842,1819,2737,3630,4541,5460,6406,7333,8241,9095,791,1568,2377,3270,4065,4910,5746,6563,7396,8232,1132,2315,3461,4545,5664,6808,7934,9110,10256,11408,859,1828,2754,3666,4561,5483,6438,7344,8245,9103,981,1950,3001,4036,5057,6104,7169,8209,9308,10352
S8,82,158,266,353,420,513,591,678,753,836,590,1212,1784,2383,2971,3563,4159,4796,5415,6025,1133,2307,3497,4671,5860,7055,8211,9370,10532,11714,506,968,1449,1987,2478,2960,3470,3969,4500,5001,337,686,1093,1486,1855,2196,2552,2959,3315,3680,585,1190,1807,2377,2946,3530,4148,4787,5353,5897,1552,3123,4679,6268,7842,9407,10967,12577,14216,15842,1474,2929,4365,5865,7350,8812,10292,11768,13312,14777
S9,70,163,239,321,393,488,561,642,724,794,172,351,530,731,910,1091,1283,1452,1649,1816,289,526,776,1075,1318,1559,1836,2154,2410,2678,394,740,1119,1472,1817,2137,2489,2835,3153,3475,124,268,397,524,646,780,943,1068,1213,1336,553,1089,1654,2218,2816,3383,3979,4575,5176,5730,238,463,720,949,1179,1423,1702,1971,2253,2493,360,727,1100,1459,1803,2175,2510,2874,3232,3597
T1,1332,2766,4196,5606,7046,8515,9895,11380,12761,14224,3662,7284,10893,14567,18242,21886,25514,29184,32907,36584,10613,20956,31387,41698,51726,61580,71798,81980,92408,102825,3377,6880,10438,13733,17229,20741,24113,27472,30944,34563,2442,4753,7221,9672,12087,14411,16845,19166,21647,24066,2995,6045,9159,12238,15299,18224,21197,24244,27294,30462,2766,5595,8361,11121,13890,16704,19469,22246,24929,27707,2545,5147,7804,10399,12863,15477,18037,20513,23062,25534
T2,331,658,1002,1314,1646,2001,2296,2668,2992,3356,592,1187,1800,2355,2923,3500,4107,4678,5251,5830,1048,2106,3120,4156,5236,6298,7348,8356,9407,10464,1530,3124,4642,6130,7611,9192,10661,12160,13693,15160,278,537,788,1070,1325,1593,1858,2108,2366,2632,944,1896,2810,3742,4667,5548,6449,7379,8338,9251,460,891,1287,1710,2154,2597,3054,3468,3916,4333,424,831,1249,1640,2059,2491,2919,3370,3786,4204
T3,288,612,896,1203,1489,1747,2069,2371,2716,3016,549,1076,1612,2144,2685,3249,3811,4343,4889,5457,732,1386,2122,2812,3536,4215,4925,5560,6249,6982,672,1370,2063,2739,3452,4160,4838,5513,6219,6958,403,847,1313,1780,2178,2572,2997,3440,3870,4312,763,1503,2310,3048,3834,4581,5336,6085,6840,7568,202,419,606,787,986,1169,1370,1562,1770,1942,420,812,1206,1586,1987,2389,2791,3163,3573,3952
T4,38,77,127,166,210,242,276,312,362,398,195,423,611,798,1013,1213,1402,1621,1818,2021,123,232,375,493,609,747,886,1029,1160,1267,132,238,351,447,566,681,811,908,1027,1154,72,139,219,283,343,414,497,551,619,685,45,110,163,212,271,331,392,434,496,541,17,38,71,95,116,137,160,180,211,246,37,90,127,176,217,270,327,366,408,476
W1,42,110,162,239,302,379,441,491,562,614,82,181,253,338,419,494,570,666,746,828,150,326,487,641,799,958,1136,1295,1446,1593,60,120,156,216,265,309,363,417,479,530,58,125,195,262,327,382,449,498,565,620,157,294,475,652,804,964,1100,1243,1381,1535,134,269,396,539,644,777,887,1002,1138,1264,183,333,522,689,857,1021,1175,1342,1502,1653
W2,13,57,75,104,134,157,182,193,214,246,29,64,88,118,149,184,221,246,271,304,49,87,152,222,275,321,380,442,484,541,78,153,232,318,398,483,568,639,716,784,9,20,31,41,45,56,64,74,82,89,38,92,144,209,257,309,372,424,495,550,37,65,102,134,173,205,241,274,302,322,3,5,9,10,11,14,17,20,21,22
W3,69,132,206,251,308,382,438,486,544,593,109,223,305,414,505,604,683,783,897,999,262,505,799,1078,1372,1649,1919,2203,2480,2761,177,324,475,644,786,959,1128,1284,1461,1616,169,341,531,696,854,1048,1227,1403,1602,1805,593,1209,1902,2524,3085,3756,4384,4973,5620,6226,183,343,545,705,882,1056,1208,1392,1556,1732,950,1860,2711,3620,4577,5447,6352,7228,8118,8988
W4,16,37,54,72,97,110,138,158,179,201,37,67,100,130,162,188,215,238,269,291,95,186,275,353,452,537,634,729,802,886,82,159,233,308,391,469,559,633,725,808,35,74,117,144,173,204,243,285,317,368,89,172,267,365,454,545,632,725,823,895,51,95,134,182,225,273,311,355,390,433,27,49,68,96,122,133,150,177,196,214
W5,26,69,118,157,188,237,278,298,340,379,36,68,104,140,167,207,238,277,314,359,102,192,277,368,467,582,668,751,844,939,39,68,99,130,159,195,228,267,300,342,88,179,271,367,484,600,704,809,906,996,23,46,65,98,112,139,164,189,205,236,127,259,365,482,575,676,798,901,1004,1107,18,25,36,49,61,73,83,93,100,115
X1,24,50,78,112,132,173,206,236,253,276,4,12,18,24,36,44,49,53,59,69,19,35,58,87,104,130,152,174,186,202,142,300,453,597,748,905,1056,1203,1338,1483,7,17,24,29,36,39,42,45,53,58,0,0,0,0,0,0,0,0,0,0,8,11,24,37,46,53,65,75,89,101,63,132,206,287,359,435,521,579,648,700
X2,694,1480,2244,3023,3753,4527,5267,6038,6804,7527,1329,2643,3979,5337,6578,7932,9263,10572,11939,13215,2072,4235,6296,8418,10489,12658,14786,16878,18931,20980,1304,2611,3975,5254,6600,7911,9129,10430,11713,13042,1128,2298,3423,4536,5688,6827,8007,9196,10337,11474,2259,4640,6963,9216,11513,13831,16123,18420,20779,23078,1632,3338,4871,6537,8202,9805,11427,13040,14576,16255,2247,4460,6586,8750,10943,13038,15185,17416,19552,21633
X3,92,193,304,412,515,614,716,826,942,1040,595,1197,1799,2434,3025,3658,4215,4808,5388,6022,404,821,1237,1676,2082,2509,2930,3371,3842,4309,753,1452,2193,2919,3648,4361,5105,5844,6570,7277,356,732,1102,1472,1849,2194,2561,2923,3279,3637,773,1653,2489,3306,4207,5102,5917,6744,7600,8475,155,316,487,638,795,971,1130,1311,1492,1648,388,768,1164,1593,2016,2407,2785,3214,3566,3984
X4,46,98,143,203,264,299,353,410,475,512,194,418,636,847,1055,1265,1486,1698,1945,2126,804,1633,2423,3243,4081,4930,5739,6608,7472,8277,550,1112,1605,2177,2719,3264,3822,4387,4934,5484,306,611,896,1165,1451,1756,2075,2367,2656,2955,803,1613,2415,3253,4091,4974,5784,6653,7469,8336,443,845,1276,1670,2069,2494,2897,3272,3659,4027,491,918,1344,1804,2247,2683,3123,3601,4028,4458
X5,53,109,182,238,294,360,408,461,526,587,187,403,596,831,1025,1231,1444,1679,1860,2085,394,784,1196,1556,1950,2339,2700,3086,3429,3830,356,642,964,1290,1604,1941,2253,2629,2984,3331,182,386,581,760,946,1115,1319,1497,1684,1853,383,789,1210,1582,1935,2318,2690,3060,3437,3817,201,420,605,792,990,1170,1380,1585,1777,1994,248,467,685,897,1128,1345,1583,1815,2035,2269
X6,15,31,56,80,102,128,146,165,189,207,106,233,358,460,559,679,800,896,1002,1108,187,334,509,670,861,1017,1206,1363,1548,1702,137,272,387,524,654,793,936,1081,1223,1356,107,212,312,394,486,596,692,785,874,951,107,218,309,431,536,636,730,849,971,1101,77,135,193,284,348,413,478,518,586,647,117,222,315,409,515,613,733,838,935,1054
X7,183,381,555,769,945,1140,1318,1504,1708,1889,587,1165,1739,2331,2890,3461,4029,4645,5250,5814,965,1951,2913,3906,4880,5866,6872,7854,8817,9870,754,1467,2233,2981,3726,4482,5230,5998,6762,7475,451,891,1354,1831,2316,2787,3267,3735,4172,4672,720,1426,2143,2903,3689,4403,5191,5935,6674,7442,400,792,1190,1567,1960,2327,2727,3153,3554,3959,478,940,1371,1813,2265,2724,3177,3636,4087,4510
X8,1,2,5,9,11,17,23,27,29,34,101,204,285,398,500,597,690,803,903,1000,186,381,592,773,959,1147,1353,1547,1728,1936,86,184,252,330,414,506,585,661,742,829,45,111,187,261,316,394,472,544,620,689,215,436,629,809,1011,1207,1414,1595,1795,2013,77,173,262,360,502,608,704,810,898,981,49,94,148,202,246,300,340,381,426,471
X9,202,412,632,849,1055,1262,1454,1696,1914,2131,238,472,698,911,1117,1375,1570,1837,2097,2315,607,1240,1872,2490,3090,3675,4267,4912,5539,6192,713,1438,2126,2859,3547,4218,4923,5652,6365,7112,204,386,557,750,932,1110,1304,1494,1673,1867,628,1250,1856,2505,3156,3711,4357,4963,5564,6147,140,329,505,651,814,982,1142,1303,1465,1604,267,544,829,1103,1363,1595,1847,2089,2325,2605
Y1,86,220,318,429,548,665,764,877,1012,1130,63,128,184,245,313,385,444,513,587,651,287,555,825,1116,1398,1671,1924,2201,2456,2759,87,174,245,316,418,495,576,645,720,815,106,257,407,531,686,807,958,1096,1230,1353,174,332,458,609,748,920,1086,1234,1397,1559,240,463,677,931,1160,1360,1568,1787,1984,2194,265,538,793,1049,1337,1563,1843,2137,2346,2614
Y2,169,377,539,727,878,1075,1233,1405,1574,1744,121,238,355,492,639,750,852,982,1097,1219,440,935,1408,1908,2386,2870,3361,3846,4378,4858,178,347,543,712,883,1079,1260,1432,1589,1768,82,167,234,298,392,473,556,628,706,794,233,466,703,934,1162,1366,1553,1786,2002,2236,168,335,552,775,937,1138,1364,1566,1764,1958,30,60,95,122,154,189,218,237,256,278